{"cameraMode":{"drawMode":0,"name":"Shaded","section":"Shading Mode"},"sceneLighting":true,"audioPlay":false,"sceneViewState":{"showFog":true,"showMaterialUpdate":false,"showSkybox":true,"showFlares":true,"showImageEffects":true,"showParticleSystems":true},"in2DMode":false,"pivot":{"x":2.1446800231933595,"y":4.2437028884887699,"z":-0.7470779418945313},"rotation":{"x":-0.020098377019166948,"y":-0.002099588280543685,"z":-0.00004216973320581019,"w":0.9997977018356323},"size":4.126861095428467,"orthographic":true}