{"cameraMode":{"drawMode":0,"name":"Shaded","section":"Shading Mode"},"sceneLighting":true,"audioPlay":false,"sceneViewState":{"showFog":true,"showMaterialUpdate":false,"showSkybox":true,"showFlares":true,"showImageEffects":true,"showParticleSystems":true},"in2DMode":false,"pivot":{"x":2.433675765991211,"y":6.335943222045898,"z":-13.228263854980469},"rotation":{"x":0.00749992486089468,"y":-0.002101820195093751,"z":0.000015753854313516058,"w":0.999969482421875},"size":0.7526314854621887,"orthographic":true}